target_times_s,target_times_f,response_times_s,response_times_f,resonse_diff_f
4.266666666666667,512,4.215403079986572,506,6
0.26666666666666666,32,0.24899697303771973,30,2
1.0666666666666667,128,0.8655610084533691,104,24
1.0666666666666667,128,0.9573869705200195,115,13
2.1333333333333333,256,1.6906709671020508,203,53
