trial_nr	onset	event_type	phase	response	nr_frames	flicker_speed	onset_abs	duration
dummy	0.008542060852050781	stim	0		0.0	134.0	11.628103971481323	0.004575014114379883
dummy	0.013117074966430664	stim	1		0.0	134.0	11.632678985595703	0.0013680458068847656
dummy	0.01448512077331543	stim	2		70.0	134.0	11.634047031402588	0.8636610507965088
dummy	0.33997297286987305	pulse	2	t		134.0	11.959534883499146	
dummy	0.5820000171661377	pulse	2	t		134.0	12.20156192779541	
